<?xml version="1.0" encoding="UTF-8"?>
<project-private xmlns="http://www.netbeans.org/ns/project-private/1">
    <editor-bookmarks xmlns="http://www.netbeans.org/ns/editor-bookmarks/2" lastBookmarkId="0"/>
    <open-files xmlns="http://www.netbeans.org/ns/projectui-open-files/2">
        <group>
            <file>file:/C:/Users/user/Documents/NetBeansProjects/ATMain2/src/atmain2/Transaction.java</file>
            <file>file:/C:/Users/user/Documents/NetBeansProjects/ATMain2/src/atmain2/TransectionHistory.java</file>
            <file>file:/C:/Users/user/Documents/NetBeansProjects/ATMain2/src/atmain2/ATMain2.java</file>
            <file>file:/C:/Users/user/Documents/NetBeansProjects/ATMain2/src/atmain2/User.java</file>
            <file>file:/C:/Users/user/Documents/NetBeansProjects/ATMain2/src/atmain2/UserDatabase.java</file>
            <file>file:/C:/Users/user/Documents/NetBeansProjects/ATMain2/src/atmain2/ATM.java</file>
        </group>
    </open-files>
</project-private>
